"","Sample","ExperimentalGroup","Module","Eigenprotein"
"1","LFQ.intensity.64_167G_30","nondia_high_30min","MEturquoise",0.121017544326025
"2","LFQ.intensity.64_167G_5","nondia_high_5min","MEturquoise",0.127378636763707
"3","LFQ.intensity.64_33G_30","nondia_low_30min","MEturquoise",0.0207204614291994
"4","LFQ.intensity.64_33G_5","nondia_low_5min","MEturquoise",0.0172214153959152
"5","LFQ.intensity.65_167G_30","dia_high_30min","MEturquoise",-0.195262022987771
"6","LFQ.intensity.65_167G_5","dia_high_5min","MEturquoise",-0.219298960086369
"7","LFQ.intensity.65_33G_30","dia_low_30min","MEturquoise",-0.360677476781509
"8","LFQ.intensity.65_33G_5","dia_low_5min","MEturquoise",-0.290618798066083
"9","LFQ.intensity.66_167G_30","nondia_high_30min","MEturquoise",0.166612888323044
"10","LFQ.intensity.66_167G_5","nondia_high_5min","MEturquoise",0.204925297588407
"11","LFQ.intensity.66_33G_30","nondia_low_30min","MEturquoise",-0.0219578922727846
"12","LFQ.intensity.66_33G_5","nondia_low_5min","MEturquoise",-0.021929091874112
"13","LFQ.intensity.67_167G_30","nondia_high_30min","MEturquoise",-0.0740221920695172
"14","LFQ.intensity.67_167G_5","nondia_high_5min","MEturquoise",-0.0623609914248127
"15","LFQ.intensity.67_33G_30","nondia_low_30min","MEturquoise",-0.21424620168827
"16","LFQ.intensity.67_33G_5","nondia_low_5min","MEturquoise",-0.0351321226665102
"17","LFQ.intensity.68_167G_30","nondia_high_30min","MEturquoise",0.144632924959479
"18","LFQ.intensity.68_167G_5","nondia_high_5min","MEturquoise",0.100895969494531
"19","LFQ.intensity.68_33G_30","nondia_low_30min","MEturquoise",0.0722231978369707
"20","LFQ.intensity.68_33G_5","nondia_low_5min","MEturquoise",0.071902927344977
"21","LFQ.intensity.69_167G_30","dia_high_30min","MEturquoise",0.0145795641232526
"22","LFQ.intensity.69_167G_5","dia_high_5min","MEturquoise",-0.023804250753758
"23","LFQ.intensity.69_33G_30","dia_low_30min","MEturquoise",-0.206595363574155
"24","LFQ.intensity.69_33G_5","dia_low_5min","MEturquoise",-0.137846351220789
"25","LFQ.intensity.71_167G_30","dia_high_30min","MEturquoise",0.157626716477795
"26","LFQ.intensity.71_167G_5","dia_high_5min","MEturquoise",0.0939757662540323
"27","LFQ.intensity.71_33G_30","dia_low_30min","MEturquoise",0.0221414984932772
"28","LFQ.intensity.71_33G_5","dia_low_5min","MEturquoise",0.0240086524062114
"29","LFQ.intensity.72_167G_30","nondia_high_30min","MEturquoise",0.387757195472506
"30","LFQ.intensity.72_167G_5","nondia_high_5min","MEturquoise",0.20961449210906
"31","LFQ.intensity.72_33G_30","nondia_low_30min","MEturquoise",0.172858539830412
"32","LFQ.intensity.72_33G_5","nondia_low_5min","MEturquoise",0.262574100402285
"33","LFQ.intensity.73_167G_30","dia_high_30min","MEturquoise",-0.0773640312599468
"34","LFQ.intensity.73_167G_5","dia_high_5min","MEturquoise",-0.00112587467802643
"35","LFQ.intensity.73_33G_30","dia_low_30min","MEturquoise",-0.200959592965714
"36","LFQ.intensity.73_33G_5","dia_low_5min","MEturquoise",-0.249466574660959
"37","LFQ.intensity.64_167G_30","nondia_high_30min","MEblue",0.00369950853283425
"38","LFQ.intensity.64_167G_5","nondia_high_5min","MEblue",0.00149902658269364
"39","LFQ.intensity.64_33G_30","nondia_low_30min","MEblue",0.205569165530745
"40","LFQ.intensity.64_33G_5","nondia_low_5min","MEblue",0.119040575113381
"41","LFQ.intensity.65_167G_30","dia_high_30min","MEblue",-0.311120165852503
"42","LFQ.intensity.65_167G_5","dia_high_5min","MEblue",-0.345119229476873
"43","LFQ.intensity.65_33G_30","dia_low_30min","MEblue",-0.282439940014942
"44","LFQ.intensity.65_33G_5","dia_low_5min","MEblue",-0.0161296977389084
"45","LFQ.intensity.66_167G_30","nondia_high_30min","MEblue",0.0703491155332381
"46","LFQ.intensity.66_167G_5","nondia_high_5min","MEblue",0.0780259098021592
"47","LFQ.intensity.66_33G_30","nondia_low_30min","MEblue",0.118154005601251
"48","LFQ.intensity.66_33G_5","nondia_low_5min","MEblue",0.160097613205779
"49","LFQ.intensity.67_167G_30","nondia_high_30min","MEblue",-0.20539281195691
"50","LFQ.intensity.67_167G_5","nondia_high_5min","MEblue",-0.16876359385902
"51","LFQ.intensity.67_33G_30","nondia_low_30min","MEblue",-0.015990262599477
"52","LFQ.intensity.67_33G_5","nondia_low_5min","MEblue",-0.0798640238712258
"53","LFQ.intensity.68_167G_30","nondia_high_30min","MEblue",-0.0112570021126207
"54","LFQ.intensity.68_167G_5","nondia_high_5min","MEblue",-0.0336316005429288
"55","LFQ.intensity.68_33G_30","nondia_low_30min","MEblue",0.141525718185039
"56","LFQ.intensity.68_33G_5","nondia_low_5min","MEblue",0.215075896928329
"57","LFQ.intensity.69_167G_30","dia_high_30min","MEblue",-0.135593050129585
"58","LFQ.intensity.69_167G_5","dia_high_5min","MEblue",-0.131224635734165
"59","LFQ.intensity.69_33G_30","dia_low_30min","MEblue",-0.0347094838028162
"60","LFQ.intensity.69_33G_5","dia_low_5min","MEblue",0.0130447260211857
"61","LFQ.intensity.71_167G_30","dia_high_30min","MEblue",-0.00511580285590325
"62","LFQ.intensity.71_167G_5","dia_high_5min","MEblue",-0.041024139626692
"63","LFQ.intensity.71_33G_30","dia_low_30min","MEblue",0.105836472948747
"64","LFQ.intensity.71_33G_5","dia_low_5min","MEblue",0.0913598446403726
"65","LFQ.intensity.72_167G_30","nondia_high_30min","MEblue",0.267544789887065
"66","LFQ.intensity.72_167G_5","nondia_high_5min","MEblue",0.0965841666482492
"67","LFQ.intensity.72_33G_30","nondia_low_30min","MEblue",0.291282293110875
"68","LFQ.intensity.72_33G_5","nondia_low_5min","MEblue",0.368475584123389
"69","LFQ.intensity.73_167G_30","dia_high_30min","MEblue",-0.222561656588915
"70","LFQ.intensity.73_167G_5","dia_high_5min","MEblue",-0.18219967388888
"71","LFQ.intensity.73_33G_30","dia_low_30min","MEblue",-0.0927803127185985
"72","LFQ.intensity.73_33G_5","dia_low_5min","MEblue",-0.0322473290243678
"73","LFQ.intensity.64_167G_30","nondia_high_30min","MEmagenta",-0.0425565813758969
"74","LFQ.intensity.64_167G_5","nondia_high_5min","MEmagenta",-0.0418887610726364
"75","LFQ.intensity.64_33G_30","nondia_low_30min","MEmagenta",0.145279620269117
"76","LFQ.intensity.64_33G_5","nondia_low_5min","MEmagenta",0.109290118840976
"77","LFQ.intensity.65_167G_30","dia_high_30min","MEmagenta",-0.405040629889473
"78","LFQ.intensity.65_167G_5","dia_high_5min","MEmagenta",-0.425098708239202
"79","LFQ.intensity.65_33G_30","dia_low_30min","MEmagenta",-0.166096721070734
"80","LFQ.intensity.65_33G_5","dia_low_5min","MEmagenta",0.323229331066546
"81","LFQ.intensity.66_167G_30","nondia_high_30min","MEmagenta",-0.0658027625127859
"82","LFQ.intensity.66_167G_5","nondia_high_5min","MEmagenta",-0.0325424503482684
"83","LFQ.intensity.66_33G_30","nondia_low_30min","MEmagenta",0.170404021524394
"84","LFQ.intensity.66_33G_5","nondia_low_5min","MEmagenta",0.184027281131674
"85","LFQ.intensity.67_167G_30","nondia_high_30min","MEmagenta",-0.169510984638725
"86","LFQ.intensity.67_167G_5","nondia_high_5min","MEmagenta",-0.135169977286118
"87","LFQ.intensity.67_33G_30","nondia_low_30min","MEmagenta",0.115472476591867
"88","LFQ.intensity.67_33G_5","nondia_low_5min","MEmagenta",-0.0902870294874232
"89","LFQ.intensity.68_167G_30","nondia_high_30min","MEmagenta",-0.0525109951441447
"90","LFQ.intensity.68_167G_5","nondia_high_5min","MEmagenta",-0.0395745018658835
"91","LFQ.intensity.68_33G_30","nondia_low_30min","MEmagenta",0.215570461815136
"92","LFQ.intensity.68_33G_5","nondia_low_5min","MEmagenta",0.232958518870734
"93","LFQ.intensity.69_167G_30","dia_high_30min","MEmagenta",-0.0896277119936318
"94","LFQ.intensity.69_167G_5","dia_high_5min","MEmagenta",-0.0717747234645314
"95","LFQ.intensity.69_33G_30","dia_low_30min","MEmagenta",0.224461131439546
"96","LFQ.intensity.69_33G_5","dia_low_5min","MEmagenta",0.233532717991466
"97","LFQ.intensity.71_167G_30","dia_high_30min","MEmagenta",-0.101164252253981
"98","LFQ.intensity.71_167G_5","dia_high_5min","MEmagenta",-0.0779057797824444
"99","LFQ.intensity.71_33G_30","dia_low_30min","MEmagenta",0.0672013018970878
"100","LFQ.intensity.71_33G_5","dia_low_5min","MEmagenta",0.0284083658382084
"101","LFQ.intensity.72_167G_30","nondia_high_30min","MEmagenta",0.0112856632820594
"102","LFQ.intensity.72_167G_5","nondia_high_5min","MEmagenta",-0.0684944892913613
"103","LFQ.intensity.72_33G_30","nondia_low_30min","MEmagenta",0.112162218502074
"104","LFQ.intensity.72_33G_5","nondia_low_5min","MEmagenta",0.0286017728847165
"105","LFQ.intensity.73_167G_30","dia_high_30min","MEmagenta",-0.160589797794551
"106","LFQ.intensity.73_167G_5","dia_high_5min","MEmagenta",-0.177264757203169
"107","LFQ.intensity.73_33G_30","dia_low_30min","MEmagenta",0.0451764770862201
"108","LFQ.intensity.73_33G_5","dia_low_5min","MEmagenta",0.165840135683148
"109","LFQ.intensity.64_167G_30","nondia_high_30min","MEpink",0.0568999301821469
"110","LFQ.intensity.64_167G_5","nondia_high_5min","MEpink",0.0724831420867466
"111","LFQ.intensity.64_33G_30","nondia_low_30min","MEpink",-0.0630461769828327
"112","LFQ.intensity.64_33G_5","nondia_low_5min","MEpink",-0.0140049625820337
"113","LFQ.intensity.65_167G_30","dia_high_30min","MEpink",0.213565041779155
"114","LFQ.intensity.65_167G_5","dia_high_5min","MEpink",0.222601011828769
"115","LFQ.intensity.65_33G_30","dia_low_30min","MEpink",0.125272681165403
"116","LFQ.intensity.65_33G_5","dia_low_5min","MEpink",-0.0115062615961796
"117","LFQ.intensity.66_167G_30","nondia_high_30min","MEpink",-0.0586950965629724
"118","LFQ.intensity.66_167G_5","nondia_high_5min","MEpink",-0.114426296495249
"119","LFQ.intensity.66_33G_30","nondia_low_30min","MEpink",-0.0896524364564716
"120","LFQ.intensity.66_33G_5","nondia_low_5min","MEpink",-0.106534033271461
"121","LFQ.intensity.67_167G_30","nondia_high_30min","MEpink",0.173833506629861
"122","LFQ.intensity.67_167G_5","nondia_high_5min","MEpink",0.17605444337798
"123","LFQ.intensity.67_33G_30","nondia_low_30min","MEpink",0.134520556702457
"124","LFQ.intensity.67_33G_5","nondia_low_5min","MEpink",0.118785107254862
"125","LFQ.intensity.68_167G_30","nondia_high_30min","MEpink",0.0530435353919402
"126","LFQ.intensity.68_167G_5","nondia_high_5min","MEpink",0.0416301490671496
"127","LFQ.intensity.68_33G_30","nondia_low_30min","MEpink",-0.0889574897638276
"128","LFQ.intensity.68_33G_5","nondia_low_5min","MEpink",-0.0678459193805884
"129","LFQ.intensity.69_167G_30","dia_high_30min","MEpink",0.0881928940457136
"130","LFQ.intensity.69_167G_5","dia_high_5min","MEpink",0.123864192465927
"131","LFQ.intensity.69_33G_30","dia_low_30min","MEpink",0.119669492620806
"132","LFQ.intensity.69_33G_5","dia_low_5min","MEpink",0.163853666416518
"133","LFQ.intensity.71_167G_30","dia_high_30min","MEpink",-0.00922076632311492
"134","LFQ.intensity.71_167G_5","dia_high_5min","MEpink",0.015505702323644
"135","LFQ.intensity.71_33G_30","dia_low_30min","MEpink",-0.0644845292829894
"136","LFQ.intensity.71_33G_5","dia_low_5min","MEpink",-0.0458060394108412
"137","LFQ.intensity.72_167G_30","nondia_high_30min","MEpink",-0.372683136936381
"138","LFQ.intensity.72_167G_5","nondia_high_5min","MEpink",-0.208425305895979
"139","LFQ.intensity.72_33G_30","nondia_low_30min","MEpink",-0.437894164233998
"140","LFQ.intensity.72_33G_5","nondia_low_5min","MEpink",-0.502208740617646
"141","LFQ.intensity.73_167G_30","dia_high_30min","MEpink",0.114866570886304
"142","LFQ.intensity.73_167G_5","dia_high_5min","MEpink",0.075540715704872
"143","LFQ.intensity.73_33G_30","dia_low_30min","MEpink",0.0719847165376881
"144","LFQ.intensity.73_33G_5","dia_low_5min","MEpink",0.0932242993246175
"145","LFQ.intensity.64_167G_30","nondia_high_30min","MEbrown",0.182689533850515
"146","LFQ.intensity.64_167G_5","nondia_high_5min","MEbrown",0.202952160330142
"147","LFQ.intensity.64_33G_30","nondia_low_30min","MEbrown",-0.192403345905578
"148","LFQ.intensity.64_33G_5","nondia_low_5min","MEbrown",-0.105311445341463
"149","LFQ.intensity.65_167G_30","dia_high_30min","MEbrown",0.0464163061524391
"150","LFQ.intensity.65_167G_5","dia_high_5min","MEbrown",0.0367846996549807
"151","LFQ.intensity.65_33G_30","dia_low_30min","MEbrown",-0.167637550178618
"152","LFQ.intensity.65_33G_5","dia_low_5min","MEbrown",-0.267407842650718
"153","LFQ.intensity.66_167G_30","nondia_high_30min","MEbrown",0.254743650847736
"154","LFQ.intensity.66_167G_5","nondia_high_5min","MEbrown",0.231896036467752
"155","LFQ.intensity.66_33G_30","nondia_low_30min","MEbrown",-0.0992853209025779
"156","LFQ.intensity.66_33G_5","nondia_low_5min","MEbrown",-0.158964840620004
"157","LFQ.intensity.67_167G_30","nondia_high_30min","MEbrown",0.114405437128935
"158","LFQ.intensity.67_167G_5","nondia_high_5min","MEbrown",0.0786512230004361
"159","LFQ.intensity.67_33G_30","nondia_low_30min","MEbrown",-0.239520263066654
"160","LFQ.intensity.67_33G_5","nondia_low_5min","MEbrown",-0.00935282200435436
"161","LFQ.intensity.68_167G_30","nondia_high_30min","MEbrown",0.203641947770445
"162","LFQ.intensity.68_167G_5","nondia_high_5min","MEbrown",0.188801683392686
"163","LFQ.intensity.68_33G_30","nondia_low_30min","MEbrown",-0.0914310710331078
"164","LFQ.intensity.68_33G_5","nondia_low_5min","MEbrown",-0.197060810259591
"165","LFQ.intensity.69_167G_30","dia_high_30min","MEbrown",0.154296087802937
"166","LFQ.intensity.69_167G_5","dia_high_5min","MEbrown",0.105093635588145
"167","LFQ.intensity.69_33G_30","dia_low_30min","MEbrown",-0.205177101330898
"168","LFQ.intensity.69_33G_5","dia_low_5min","MEbrown",-0.1439407426834
"169","LFQ.intensity.71_167G_30","dia_high_30min","MEbrown",0.19602506627981
"170","LFQ.intensity.71_167G_5","dia_high_5min","MEbrown",0.169517872939419
"171","LFQ.intensity.71_33G_30","dia_low_30min","MEbrown",-0.116630501464204
"172","LFQ.intensity.71_33G_5","dia_low_5min","MEbrown",-0.112090349028158
"173","LFQ.intensity.72_167G_30","nondia_high_30min","MEbrown",0.18815673374214
"174","LFQ.intensity.72_167G_5","nondia_high_5min","MEbrown",0.139688861745299
"175","LFQ.intensity.72_33G_30","nondia_low_30min","MEbrown",-0.146115532909398
"176","LFQ.intensity.72_33G_5","nondia_low_5min","MEbrown",-0.0880791680837204
"177","LFQ.intensity.73_167G_30","dia_high_30min","MEbrown",0.116077409410009
"178","LFQ.intensity.73_167G_5","dia_high_5min","MEbrown",0.174143074403303
"179","LFQ.intensity.73_33G_30","dia_low_30min","MEbrown",-0.188840317232454
"180","LFQ.intensity.73_33G_5","dia_low_5min","MEbrown",-0.254732395812226
"181","LFQ.intensity.64_167G_30","nondia_high_30min","MEyellow",0.131731548933699
"182","LFQ.intensity.64_167G_5","nondia_high_5min","MEyellow",0.151209919138336
"183","LFQ.intensity.64_33G_30","nondia_low_30min","MEyellow",-0.263762612926187
"184","LFQ.intensity.64_33G_5","nondia_low_5min","MEyellow",-0.11761842895517
"185","LFQ.intensity.65_167G_30","dia_high_30min","MEyellow",0.294800755090708
"186","LFQ.intensity.65_167G_5","dia_high_5min","MEyellow",0.292119959953264
"187","LFQ.intensity.65_33G_30","dia_low_30min","MEyellow",0.0372127567645023
"188","LFQ.intensity.65_33G_5","dia_low_5min","MEyellow",-0.118546792302526
"189","LFQ.intensity.66_167G_30","nondia_high_30min","MEyellow",0.136199845541194
"190","LFQ.intensity.66_167G_5","nondia_high_5min","MEyellow",0.0654234683090786
"191","LFQ.intensity.66_33G_30","nondia_low_30min","MEyellow",-0.124831253540216
"192","LFQ.intensity.66_33G_5","nondia_low_5min","MEyellow",-0.149682584482696
"193","LFQ.intensity.67_167G_30","nondia_high_30min","MEyellow",0.18940095957246
"194","LFQ.intensity.67_167G_5","nondia_high_5min","MEyellow",0.140914556249042
"195","LFQ.intensity.67_33G_30","nondia_low_30min","MEyellow",-0.0892239609639128
"196","LFQ.intensity.67_33G_5","nondia_low_5min","MEyellow",0.051036379319028
"197","LFQ.intensity.68_167G_30","nondia_high_30min","MEyellow",0.115340324338991
"198","LFQ.intensity.68_167G_5","nondia_high_5min","MEyellow",0.11408289383914
"199","LFQ.intensity.68_33G_30","nondia_low_30min","MEyellow",-0.188736940228053
"200","LFQ.intensity.68_33G_5","nondia_low_5min","MEyellow",-0.216624990291995
"201","LFQ.intensity.69_167G_30","dia_high_30min","MEyellow",0.145489988997578
"202","LFQ.intensity.69_167G_5","dia_high_5min","MEyellow",0.112466507130789
"203","LFQ.intensity.69_33G_30","dia_low_30min","MEyellow",-0.0882614135784363
"204","LFQ.intensity.69_33G_5","dia_low_5min","MEyellow",-0.0479203024284292
"205","LFQ.intensity.71_167G_30","dia_high_30min","MEyellow",0.0902925787033086
"206","LFQ.intensity.71_167G_5","dia_high_5min","MEyellow",0.112693546697293
"207","LFQ.intensity.71_33G_30","dia_low_30min","MEyellow",-0.156077171654129
"208","LFQ.intensity.71_33G_5","dia_low_5min","MEyellow",-0.152198352877723
"209","LFQ.intensity.72_167G_30","nondia_high_30min","MEyellow",-0.0547504597259069
"210","LFQ.intensity.72_167G_5","nondia_high_5min","MEyellow",-0.00948530348313517
"211","LFQ.intensity.72_33G_30","nondia_low_30min","MEyellow",-0.325187555367428
"212","LFQ.intensity.72_33G_5","nondia_low_5min","MEyellow",-0.363055201555451
"213","LFQ.intensity.73_167G_30","dia_high_30min","MEyellow",0.209760187809596
"214","LFQ.intensity.73_167G_5","dia_high_5min","MEyellow",0.212120030151882
"215","LFQ.intensity.73_33G_30","dia_low_30min","MEyellow",-0.0407140848928475
"216","LFQ.intensity.73_33G_5","dia_low_5min","MEyellow",-0.0956187972856471
"217","LFQ.intensity.64_167G_30","nondia_high_30min","MEblack",-0.129401102770275
"218","LFQ.intensity.64_167G_5","nondia_high_5min","MEblack",-0.193700209728139
"219","LFQ.intensity.64_33G_30","nondia_low_30min","MEblack",0.0265096455529974
"220","LFQ.intensity.64_33G_5","nondia_low_5min","MEblack",0.0135454358714803
"221","LFQ.intensity.65_167G_30","dia_high_30min","MEblack",0.283068477810015
"222","LFQ.intensity.65_167G_5","dia_high_5min","MEblack",0.226565565039834
"223","LFQ.intensity.65_33G_30","dia_low_30min","MEblack",0.239857860597108
"224","LFQ.intensity.65_33G_5","dia_low_5min","MEblack",0.44726983751139
"225","LFQ.intensity.66_167G_30","nondia_high_30min","MEblack",-0.106262953573506
"226","LFQ.intensity.66_167G_5","nondia_high_5min","MEblack",-0.169509550820849
"227","LFQ.intensity.66_33G_30","nondia_low_30min","MEblack",0.0801119076670213
"228","LFQ.intensity.66_33G_5","nondia_low_5min","MEblack",0.0746925250715518
"229","LFQ.intensity.67_167G_30","nondia_high_30min","MEblack",-0.0989657332559865
"230","LFQ.intensity.67_167G_5","nondia_high_5min","MEblack",-0.0963663090938202
"231","LFQ.intensity.67_33G_30","nondia_low_30min","MEblack",0.225274959241961
"232","LFQ.intensity.67_33G_5","nondia_low_5min","MEblack",-0.0319962056980411
"233","LFQ.intensity.68_167G_30","nondia_high_30min","MEblack",-0.185160894661295
"234","LFQ.intensity.68_167G_5","nondia_high_5min","MEblack",-0.175217844911507
"235","LFQ.intensity.68_33G_30","nondia_low_30min","MEblack",-0.0104919145133689
"236","LFQ.intensity.68_33G_5","nondia_low_5min","MEblack",0.0707678759150002
"237","LFQ.intensity.69_167G_30","dia_high_30min","MEblack",-0.130268499574823
"238","LFQ.intensity.69_167G_5","dia_high_5min","MEblack",-0.0829572939291612
"239","LFQ.intensity.69_33G_30","dia_low_30min","MEblack",0.140593298068868
"240","LFQ.intensity.69_33G_5","dia_low_5min","MEblack",0.174311829266388
"241","LFQ.intensity.71_167G_30","dia_high_30min","MEblack",-0.107097924281388
"242","LFQ.intensity.71_167G_5","dia_high_5min","MEblack",-0.0926696095976558
"243","LFQ.intensity.71_33G_30","dia_low_30min","MEblack",0.03925300210062
"244","LFQ.intensity.71_33G_5","dia_low_5min","MEblack",0.0327597803612771
"245","LFQ.intensity.72_167G_30","nondia_high_30min","MEblack",-0.240651421212556
"246","LFQ.intensity.72_167G_5","nondia_high_5min","MEblack",-0.192818825374165
"247","LFQ.intensity.72_33G_30","nondia_low_30min","MEblack",-0.0918594313877979
"248","LFQ.intensity.72_33G_5","nondia_low_5min","MEblack",-0.215646633278137
"249","LFQ.intensity.73_167G_30","dia_high_30min","MEblack",-0.0799504140340364
"250","LFQ.intensity.73_167G_5","dia_high_5min","MEblack",-0.0883684771260973
"251","LFQ.intensity.73_33G_30","dia_low_30min","MEblack",0.183631556637297
"252","LFQ.intensity.73_33G_5","dia_low_5min","MEblack",0.261147692109799
"253","LFQ.intensity.64_167G_30","nondia_high_30min","MEgreen",-0.19990819998603
"254","LFQ.intensity.64_167G_5","nondia_high_5min","MEgreen",-0.247302677219467
"255","LFQ.intensity.64_33G_30","nondia_low_30min","MEgreen",0.124355067240996
"256","LFQ.intensity.64_33G_5","nondia_low_5min","MEgreen",0.0572380964190555
"257","LFQ.intensity.65_167G_30","dia_high_30min","MEgreen",0.0492457811628394
"258","LFQ.intensity.65_167G_5","dia_high_5min","MEgreen",-0.0244396489491542
"259","LFQ.intensity.65_33G_30","dia_low_30min","MEgreen",0.0823609913002643
"260","LFQ.intensity.65_33G_5","dia_low_5min","MEgreen",0.383678159125274
"261","LFQ.intensity.66_167G_30","nondia_high_30min","MEgreen",-0.0781327004146844
"262","LFQ.intensity.66_167G_5","nondia_high_5min","MEgreen",-0.0996204363401246
"263","LFQ.intensity.66_33G_30","nondia_low_30min","MEgreen",0.142970880122704
"264","LFQ.intensity.66_33G_5","nondia_low_5min","MEgreen",0.15338873683253
"265","LFQ.intensity.67_167G_30","nondia_high_30min","MEgreen",-0.247276099857309
"266","LFQ.intensity.67_167G_5","nondia_high_5min","MEgreen",-0.216957104492733
"267","LFQ.intensity.67_33G_30","nondia_low_30min","MEgreen",0.144503787382883
"268","LFQ.intensity.67_33G_5","nondia_low_5min","MEgreen",-0.104417618351053
"269","LFQ.intensity.68_167G_30","nondia_high_30min","MEgreen",-0.196611843537597
"270","LFQ.intensity.68_167G_5","nondia_high_5min","MEgreen",-0.204031654570933
"271","LFQ.intensity.68_33G_30","nondia_low_30min","MEgreen",0.0838793246410764
"272","LFQ.intensity.68_33G_5","nondia_low_5min","MEgreen",0.189173205965283
"273","LFQ.intensity.69_167G_30","dia_high_30min","MEgreen",-0.207555443075251
"274","LFQ.intensity.69_167G_5","dia_high_5min","MEgreen",-0.163302284602523
"275","LFQ.intensity.69_33G_30","dia_low_30min","MEgreen",0.140909214395298
"276","LFQ.intensity.69_33G_5","dia_low_5min","MEgreen",0.178308125522559
"277","LFQ.intensity.71_167G_30","dia_high_30min","MEgreen",-0.0991219690987092
"278","LFQ.intensity.71_167G_5","dia_high_5min","MEgreen",-0.0936075419335286
"279","LFQ.intensity.71_33G_30","dia_low_30min","MEgreen",0.116780145867365
"280","LFQ.intensity.71_33G_5","dia_low_5min","MEgreen",0.0887592279080218
"281","LFQ.intensity.72_167G_30","nondia_high_30min","MEgreen",0.0452236446176133
"282","LFQ.intensity.72_167G_5","nondia_high_5min","MEgreen",-0.0668158460210907
"283","LFQ.intensity.72_33G_30","nondia_low_30min","MEgreen",0.210377484745982
"284","LFQ.intensity.72_33G_5","nondia_low_5min","MEgreen",0.207283392372354
"285","LFQ.intensity.73_167G_30","dia_high_30min","MEgreen",-0.237576222062039
"286","LFQ.intensity.73_167G_5","dia_high_5min","MEgreen",-0.206516308257115
"287","LFQ.intensity.73_33G_30","dia_low_30min","MEgreen",0.11383125638761
"288","LFQ.intensity.73_33G_5","dia_low_5min","MEgreen",0.180927076759631
"289","LFQ.intensity.64_167G_30","nondia_high_30min","MEpurple",-0.307833292083016
"290","LFQ.intensity.64_167G_5","nondia_high_5min","MEpurple",-0.278105304215336
"291","LFQ.intensity.64_33G_30","nondia_low_30min","MEpurple",-0.346010347152103
"292","LFQ.intensity.64_33G_5","nondia_low_5min","MEpurple",-0.409348198642984
"293","LFQ.intensity.65_167G_30","dia_high_30min","MEpurple",0.29914053467958
"294","LFQ.intensity.65_167G_5","dia_high_5min","MEpurple",0.301276397954596
"295","LFQ.intensity.65_33G_30","dia_low_30min","MEpurple",0.249200000131568
"296","LFQ.intensity.65_33G_5","dia_low_5min","MEpurple",0.230327360179634
"297","LFQ.intensity.66_167G_30","nondia_high_30min","MEpurple",0.0138532697489697
"298","LFQ.intensity.66_167G_5","nondia_high_5min","MEpurple",0.00446865577301809
"299","LFQ.intensity.66_33G_30","nondia_low_30min","MEpurple",-0.056205757410738
"300","LFQ.intensity.66_33G_5","nondia_low_5min","MEpurple",-0.0828968826320368
"301","LFQ.intensity.67_167G_30","nondia_high_30min","MEpurple",-0.0215034474477376
"302","LFQ.intensity.67_167G_5","nondia_high_5min","MEpurple",-0.0312847617884461
"303","LFQ.intensity.67_33G_30","nondia_low_30min","MEpurple",-0.0733087051810337
"304","LFQ.intensity.67_33G_5","nondia_low_5min","MEpurple",-0.111921631413771
"305","LFQ.intensity.68_167G_30","nondia_high_30min","MEpurple",0.0100726118147543
"306","LFQ.intensity.68_167G_5","nondia_high_5min","MEpurple",-0.0168913290258274
"307","LFQ.intensity.68_33G_30","nondia_low_30min","MEpurple",-0.0589259492391377
"308","LFQ.intensity.68_33G_5","nondia_low_5min","MEpurple",-0.0195218507113007
"309","LFQ.intensity.69_167G_30","dia_high_30min","MEpurple",-0.0705017899481736
"310","LFQ.intensity.69_167G_5","dia_high_5min","MEpurple",-0.0847419619309209
"311","LFQ.intensity.69_33G_30","dia_low_30min","MEpurple",-0.124690807712675
"312","LFQ.intensity.69_33G_5","dia_low_5min","MEpurple",-0.134550879615634
"313","LFQ.intensity.71_167G_30","dia_high_30min","MEpurple",0.0760605913738345
"314","LFQ.intensity.71_167G_5","dia_high_5min","MEpurple",0.0568664372225526
"315","LFQ.intensity.71_33G_30","dia_low_30min","MEpurple",-0.0349538923971718
"316","LFQ.intensity.71_33G_5","dia_low_5min","MEpurple",-0.0407040743970481
"317","LFQ.intensity.72_167G_30","nondia_high_30min","MEpurple",0.17635890398826
"318","LFQ.intensity.72_167G_5","nondia_high_5min","MEpurple",0.10414653841205
"319","LFQ.intensity.72_33G_30","nondia_low_30min","MEpurple",0.162063401838617
"320","LFQ.intensity.72_33G_5","nondia_low_5min","MEpurple",0.173820589190362
"321","LFQ.intensity.73_167G_30","dia_high_30min","MEpurple",0.122072298471043
"322","LFQ.intensity.73_167G_5","dia_high_5min","MEpurple",0.167604969483318
"323","LFQ.intensity.73_33G_30","dia_low_30min","MEpurple",0.0778724099707802
"324","LFQ.intensity.73_33G_5","dia_low_5min","MEpurple",0.0786958927121539
"325","LFQ.intensity.64_167G_30","nondia_high_30min","MEgreenyellow",-0.0931917145796997
"326","LFQ.intensity.64_167G_5","nondia_high_5min","MEgreenyellow",0.00524793477761706
"327","LFQ.intensity.64_33G_30","nondia_low_30min","MEgreenyellow",-0.122230467858844
"328","LFQ.intensity.64_33G_5","nondia_low_5min","MEgreenyellow",-0.0143393531743871
"329","LFQ.intensity.65_167G_30","dia_high_30min","MEgreenyellow",0.288978121186961
"330","LFQ.intensity.65_167G_5","dia_high_5min","MEgreenyellow",0.279971965666423
"331","LFQ.intensity.65_33G_30","dia_low_30min","MEgreenyellow",0.190829891447152
"332","LFQ.intensity.65_33G_5","dia_low_5min","MEgreenyellow",0.216586093544292
"333","LFQ.intensity.66_167G_30","nondia_high_30min","MEgreenyellow",-0.153839124204471
"334","LFQ.intensity.66_167G_5","nondia_high_5min","MEgreenyellow",-0.114924165916452
"335","LFQ.intensity.66_33G_30","nondia_low_30min","MEgreenyellow",-0.216269080031063
"336","LFQ.intensity.66_33G_5","nondia_low_5min","MEgreenyellow",-0.231036792446003
"337","LFQ.intensity.67_167G_30","nondia_high_30min","MEgreenyellow",0.152318933367975
"338","LFQ.intensity.67_167G_5","nondia_high_5min","MEgreenyellow",0.0739753888008036
"339","LFQ.intensity.67_33G_30","nondia_low_30min","MEgreenyellow",0.0697081524802353
"340","LFQ.intensity.67_33G_5","nondia_low_5min","MEgreenyellow",0.0361828419308551
"341","LFQ.intensity.68_167G_30","nondia_high_30min","MEgreenyellow",-0.229848861270097
"342","LFQ.intensity.68_167G_5","nondia_high_5min","MEgreenyellow",-0.249625735935593
"343","LFQ.intensity.68_33G_30","nondia_low_30min","MEgreenyellow",-0.331305716663405
"344","LFQ.intensity.68_33G_5","nondia_low_5min","MEgreenyellow",-0.413233804271617
"345","LFQ.intensity.69_167G_30","dia_high_30min","MEgreenyellow",0.0276278371880563
"346","LFQ.intensity.69_167G_5","dia_high_5min","MEgreenyellow",0.0116253536280401
"347","LFQ.intensity.69_33G_30","dia_low_30min","MEgreenyellow",-0.0381081879976016
"348","LFQ.intensity.69_33G_5","dia_low_5min","MEgreenyellow",-0.0137619256283746
"349","LFQ.intensity.71_167G_30","dia_high_30min","MEgreenyellow",-0.0401182038431916
"350","LFQ.intensity.71_167G_5","dia_high_5min","MEgreenyellow",-0.00894100005557345
"351","LFQ.intensity.71_33G_30","dia_low_30min","MEgreenyellow",-0.0404837193148851
"352","LFQ.intensity.71_33G_5","dia_low_5min","MEgreenyellow",-0.0714857924144108
"353","LFQ.intensity.72_167G_30","nondia_high_30min","MEgreenyellow",0.195302925596323
"354","LFQ.intensity.72_167G_5","nondia_high_5min","MEgreenyellow",0.0338867511816483
"355","LFQ.intensity.72_33G_30","nondia_low_30min","MEgreenyellow",0.101460209760867
"356","LFQ.intensity.72_33G_5","nondia_low_5min","MEgreenyellow",0.140620520872139
"357","LFQ.intensity.73_167G_30","dia_high_30min","MEgreenyellow",0.175327345506629
"358","LFQ.intensity.73_167G_5","dia_high_5min","MEgreenyellow",0.174810634222241
"359","LFQ.intensity.73_33G_30","dia_low_30min","MEgreenyellow",0.109641100307092
"360","LFQ.intensity.73_33G_5","dia_low_5min","MEgreenyellow",0.0986416441403192
"361","LFQ.intensity.64_167G_30","nondia_high_30min","MEred",-0.184253155899
"362","LFQ.intensity.64_167G_5","nondia_high_5min","MEred",-0.137085713162237
"363","LFQ.intensity.64_33G_30","nondia_low_30min","MEred",-0.187977697593746
"364","LFQ.intensity.64_33G_5","nondia_low_5min","MEred",-0.144172711361561
"365","LFQ.intensity.65_167G_30","dia_high_30min","MEred",0.369772519498007
"366","LFQ.intensity.65_167G_5","dia_high_5min","MEred",0.372095389402419
"367","LFQ.intensity.65_33G_30","dia_low_30min","MEred",0.302542612987237
"368","LFQ.intensity.65_33G_5","dia_low_5min","MEred",0.287800973576638
"369","LFQ.intensity.66_167G_30","nondia_high_30min","MEred",-0.111885584176793
"370","LFQ.intensity.66_167G_5","nondia_high_5min","MEred",-0.149174986201881
"371","LFQ.intensity.66_33G_30","nondia_low_30min","MEred",-0.127698969286962
"372","LFQ.intensity.66_33G_5","nondia_low_5min","MEred",-0.110167774358097
"373","LFQ.intensity.67_167G_30","nondia_high_30min","MEred",0.163589152445655
"374","LFQ.intensity.67_167G_5","nondia_high_5min","MEred",0.128890503503729
"375","LFQ.intensity.67_33G_30","nondia_low_30min","MEred",0.160323696358739
"376","LFQ.intensity.67_33G_5","nondia_low_5min","MEred",0.0271551229957567
"377","LFQ.intensity.68_167G_30","nondia_high_30min","MEred",-0.0682597062438874
"378","LFQ.intensity.68_167G_5","nondia_high_5min","MEred",-0.0921803752052942
"379","LFQ.intensity.68_33G_30","nondia_low_30min","MEred",-0.172353349843798
"380","LFQ.intensity.68_33G_5","nondia_low_5min","MEred",-0.152690158519367
"381","LFQ.intensity.69_167G_30","dia_high_30min","MEred",0.0295189942800509
"382","LFQ.intensity.69_167G_5","dia_high_5min","MEred",0.0324476034235232
"383","LFQ.intensity.69_33G_30","dia_low_30min","MEred",0.0289634790431733
"384","LFQ.intensity.69_33G_5","dia_low_5min","MEred",0.0186506306371138
"385","LFQ.intensity.71_167G_30","dia_high_30min","MEred",-0.0352250816660998
"386","LFQ.intensity.71_167G_5","dia_high_5min","MEred",-0.0176007378598111
"387","LFQ.intensity.71_33G_30","dia_low_30min","MEred",-0.0671988614089313
"388","LFQ.intensity.71_33G_5","dia_low_5min","MEred",-0.0697643953796171
"389","LFQ.intensity.72_167G_30","nondia_high_30min","MEred",-0.13921885904045
"390","LFQ.intensity.72_167G_5","nondia_high_5min","MEred",-0.177428515053948
"391","LFQ.intensity.72_33G_30","nondia_low_30min","MEred",-0.202789098143769
"392","LFQ.intensity.72_33G_5","nondia_low_5min","MEred",-0.193993450487142
"393","LFQ.intensity.73_167G_30","dia_high_30min","MEred",0.16496069603564
"394","LFQ.intensity.73_167G_5","dia_high_5min","MEred",0.184761903259268
"395","LFQ.intensity.73_33G_30","dia_low_30min","MEred",0.112306082182777
"396","LFQ.intensity.73_33G_5","dia_low_5min","MEred",0.157339821262668
"397","LFQ.intensity.64_167G_30","nondia_high_30min","MEgrey",0.185897742412271
"398","LFQ.intensity.64_167G_5","nondia_high_5min","MEgrey",0.174324891634705
"399","LFQ.intensity.64_33G_30","nondia_low_30min","MEgrey",0.162820020889617
"400","LFQ.intensity.64_33G_5","nondia_low_5min","MEgrey",0.176786600165662
"401","LFQ.intensity.65_167G_30","dia_high_30min","MEgrey",-0.0349925971182678
"402","LFQ.intensity.65_167G_5","dia_high_5min","MEgrey",-0.240282086497732
"403","LFQ.intensity.65_33G_30","dia_low_30min","MEgrey",-0.12744800909543
"404","LFQ.intensity.65_33G_5","dia_low_5min","MEgrey",0.00343161514993633
"405","LFQ.intensity.66_167G_30","nondia_high_30min","MEgrey",0.133665214222519
"406","LFQ.intensity.66_167G_5","nondia_high_5min","MEgrey",0.0761514780952298
"407","LFQ.intensity.66_33G_30","nondia_low_30min","MEgrey",0.110221448183594
"408","LFQ.intensity.66_33G_5","nondia_low_5min","MEgrey",0.155974533017719
"409","LFQ.intensity.67_167G_30","nondia_high_30min","MEgrey",-0.0377394357192954
"410","LFQ.intensity.67_167G_5","nondia_high_5min","MEgrey",0.0174374535624757
"411","LFQ.intensity.67_33G_30","nondia_low_30min","MEgrey",0.0618080817763705
"412","LFQ.intensity.67_33G_5","nondia_low_5min","MEgrey",0.0887723156191756
"413","LFQ.intensity.68_167G_30","nondia_high_30min","MEgrey",0.125502983559531
"414","LFQ.intensity.68_167G_5","nondia_high_5min","MEgrey",0.202574224234453
"415","LFQ.intensity.68_33G_30","nondia_low_30min","MEgrey",0.154724537415695
"416","LFQ.intensity.68_33G_5","nondia_low_5min","MEgrey",0.119461124042084
"417","LFQ.intensity.69_167G_30","dia_high_30min","MEgrey",0.0405370808037179
"418","LFQ.intensity.69_167G_5","dia_high_5min","MEgrey",0.0244849827932925
"419","LFQ.intensity.69_33G_30","dia_low_30min","MEgrey",0.221894127572908
"420","LFQ.intensity.69_33G_5","dia_low_5min","MEgrey",0.271454703897317
"421","LFQ.intensity.71_167G_30","dia_high_30min","MEgrey",-0.0910118979174307
"422","LFQ.intensity.71_167G_5","dia_high_5min","MEgrey",-0.0467126390600289
"423","LFQ.intensity.71_33G_30","dia_low_30min","MEgrey",-0.187239040219391
"424","LFQ.intensity.71_33G_5","dia_low_5min","MEgrey",-0.150829651896349
"425","LFQ.intensity.72_167G_30","nondia_high_30min","MEgrey",-0.201943813588562
"426","LFQ.intensity.72_167G_5","nondia_high_5min","MEgrey",-0.0893571690898803
"427","LFQ.intensity.72_33G_30","nondia_low_30min","MEgrey",-0.350826786713459
"428","LFQ.intensity.72_33G_5","nondia_low_5min","MEgrey",-0.440157236075419
"429","LFQ.intensity.73_167G_30","dia_high_30min","MEgrey",-0.157162719069966
"430","LFQ.intensity.73_167G_5","dia_high_5min","MEgrey",-0.18122956830659
"431","LFQ.intensity.73_33G_30","dia_low_30min","MEgrey",-0.119532399615847
"432","LFQ.intensity.73_33G_5","dia_low_5min","MEgrey",-0.0514601090646342
